Workbook

Sheet 使用说明
A1: AI Beauty Stylist（aibeautystylist.com）100条免费外链追踪表
A3: 说明：
A4: 1. 本表只收录不需要花钱购买的渠道——目录自助提交、社区自然参与、免费PR/专家问答平台、结构化实体页。
A5: 2. 很多目录会同时提供“付费加精/置顶”选项，本表默认走免费提交路径，不需要购买。
A6: 3. 目录类网站更新较快，提交前请打开链接确认仍然是免费提交，规则如有变化以官网为准。
A7: 4. 建议节奏：第1-2周集中提交①②（自助入口，风险最低）；第2-4周开始③的真实社区参与；③④持续到第8周。
A8: 5. 不要在1周内集中提交全部100条——分散在4-6周内，是本表故意保留的节奏设计，太快反而不稳。
A9: 6. “状态”列可从下拉菜单选择：未开始 / 已提交 / 审核中 / 已通过 / 被拒 / 跳过。
A10: 7. “备用AI目录清单”sheet 提供了104个额外的免费AI工具目录，供①被拒或想追加时使用。
A11: 8. “进度看板”sheet 会随你更新状态自动统计完成度。

Sheet 外链追踪表
A1: 序号 | B1: 层级 | C1: 渠道名称 | D1: 提交入口/官网 | E1: 建议投放语言 | F1: 免费说明 | G1: Dofollow情况 | H1: 建议锚文本 | I1: 状态 | J1: 提交日期 | K1: 备注
A2: 1 | B2: ①AI/SaaS工具目录 | C2: Altern | D2: https://altern.ai | E2: 英文（默认站点） | F2: 完全免费提交；若有付费加精选项可跳过 | G2: 未知-提交后用站长工具核实 | H2: 品牌词：AI Beauty Stylist | I2: 未开始 | K2: Find almost anything related to AI
A3: 2 | B3: ①AI/SaaS工具目录 | C3: AIChief | D3: https://aichief.com | E3: 英文（默认站点） | F3: 完全免费提交；若有付费加精选项可跳过 | G3: 未知-提交后用站长工具核实 | H3: 裸链接：https://aibeautystylist.com | I3: 未开始 | K3: #1 AI Tools Directory created exclusivel…
A4: 3 | B4: ①AI/SaaS工具目录 | C4: AI Agent Store | D4: https://aiagentstore.ai/ | E4: 英文（默认站点） | F4: 完全免费提交；若有付费加精选项可跳过 | G4: 未知-提交后用站长工具核实 | H4: 自然短语：AI virtual makeup try-on tool | I4: 未开始 | K4: Compare AI agents, agent development pla…
A5: 4 | B5: ①AI/SaaS工具目录 | C5: AI Agents Directory | D5: https://aiagentsdirectory.com/ | E5: 英文（默认站点） | F5: 完全免费提交；若有付费加精选项可跳过 | G5: 未知-提交后用站长工具核实 | H5: 品牌词+功能：AI Beauty Stylist（AI试妆/美妆诊断） | I5: 未开始 | K5: Specialized directory for AI Agents and …
A6: 5 | B6: ①AI/SaaS工具目录 | C6: All Things AI | D6: https://allthingsai.com/ | E6: 英文（默认站点） | F6: 完全免费提交；若有付费加精选项可跳过 | G6: 未知-提交后用站长工具核实 | H6: 自然短语：AI色彩分析与美妆风格助手 | I6: 未开始 | K6: The Curated Resource of AI Tools
A7: 6 | B7: ①AI/SaaS工具目录 | C7: Ask AI For It | D7: https://askaiforit.com | E7: 英文（默认站点） | F7: 完全免费提交；若有付费加精选项可跳过 | G7: 未知-提交后用站长工具核实 | H7: 品牌词：AI Beauty Stylist | I7: 未开始 | K7: AI Tools and SaaS Directory to boost you…
A8: 7 | B8: ①AI/SaaS工具目录 | C8: AIToolsHunt | D8: https://aitoolshunt.com | E8: 英文（默认站点） | F8: 完全免费提交；若有付费加精选项可跳过 | G8: 未知-提交后用站长工具核实 | H8: 裸链接：https://aibeautystylist.com | I8: 未开始 | K8: Comprehensive AI tools directory to disc…
A9: 8 | B9: ①AI/SaaS工具目录 | C9: AI Toolz Dir | D9: https://www.aitoolzdir.com | E9: 英文（默认站点） | F9: 完全免费提交；若有付费加精选项可跳过 | G9: 是（官方注明dofollow） | H9: 自然短语：AI virtual makeup try-on tool | I9: 未开始 | K9: Submit your AI Tool to aitoolzdir and ge…
A10: 9 | B10: ①AI/SaaS工具目录 | C10: Best AI Tools org | D10: https://www.best-ai-tools.org/ | E10: 英文（默认站点） | F10: 完全免费提交；若有付费加精选项可跳过 | G10: 未知-提交后用站长工具核实 | H10: 品牌词+功能：AI Beauty Stylist（AI试妆/美妆诊断） | I10: 未开始 | K10: Find & Learn AI Tools with AI ChatBot + …
A11: 10 | B11: ①AI/SaaS工具目录 | C11: Best of Web | D11: https://www.bestofweb.site | E11: 英文（默认站点） | F11: 完全免费提交；若有付费加精选项可跳过 | G11: 是（官方注明dofollow） | H11: 自然短语：AI色彩分析与美妆风格助手 | I11: 未开始 | K11: Startup and founder directory. Easy and …
A12: 11 | B12: ①AI/SaaS工具目录 | C12: Aura++ | D12: https://auraplusplus.com | E12: 英文（默认站点） | F12: 完全免费提交；若有付费加精选项可跳过 | G12: 是（官方注明dofollow） | H12: 品牌词：AI Beauty Stylist | I12: 未开始 | K12: Launch your project and get a featured l…
A13: 12 | B13: ①AI/SaaS工具目录 | C13: Dofollow.Tools | D13: https://dofollow.tools | E13: 英文（默认站点） | F13: 完全免费提交；若有付费加精选项可跳过 | G13: 是（官方注明dofollow） | H13: 裸链接：https://aibeautystylist.com | I13: 未开始 | K13: Submit on Dofollow.Tools and get dofollo…
... A101: 100 | B101: ⑤多语言本地渠道（需人工核实） | C101: pt-BR 本地目录调研 | D101: 人工搜索关键词：diretório ferramentas IA cadastro gratuito | E101: pt-BR | F101: 提交本身免费，仅需人工核实规则 | G101: 未知-逐个核实 | H101: 自然短语：AI virtual makeup try-on tool | I101: 未开始 | K101: 面向巴西葡语市场

Sheet 备用AI目录清单
A1: 序号 | B1: 渠道名称 | C1: 官网 | D1: 简介 | E1: 状态
A2: 1 | B2: AI Tools Submit | C2: https://submitaitools.org/submit-your-ai-tool/ | D2: Submit your AI tools | E2: 备用-未使用
A3: 2 | B3: AI Corner | C3: https://aicorner.net | D3: AI Tools Directory | E3: 备用-未使用
A4: 3 | B4: AIDir | C4: https://aidir.wiki | D4: The first AI Directory of the world, Since 2022! | E4: 备用-未使用
A5: 4 | B5: AI Directory | C5: https://aidirectory.wiki | D5: Curated collection of AI-powered tools for productivity, creativity, and business. | E5: 备用-未使用
A6: 5 | B6: AiDirs | C6: https://aidirs.best | D6: Discover and Share the Best AI Tools | E6: 备用-未使用
A7: 6 | B7: AI For Developers | C7: https://aifordevelopers.org | D7: A curated list of AI DevTools | E7: 备用-未使用
A8: 7 | B8: ainave | C8: https://www.ainave.com | D8: Navigate the world of AI with ease! | E8: 备用-未使用
A9: 8 | B9: AI Agents Live | C9: https://aiagentslive.com/ | D9: An inclusive space where AI agents can be discovered, shared, and utilized, fostering innovation through diverse use cases. | E9: 备用-未使用
A10: 9 | B10: AI Agents Marketplace | C10: https://trillionagent.com/ | D10: A marketplace of AI agents, natural language searchable by task or use case. Categorized according to over 300 human role equivalents. | E10: 备用-未使用
A11: 10 | B11: AI Hubs | C11: https://aihubs.ai/ | D11: The best AI tools directory to help you find the latest and most powerful AI applications. | E11: 备用-未使用
A12: 11 | B12: AI Hunt List | C12: https://aihuntlist.com/ | D12: Discover The Best AI Products & Tools. 3000+ AI products and 200+ categories in the best AI products directory. | E12: 备用-未使用
A13: 12 | B13: AI Library | C13: https://www.theailibrary.co/ | D13: A powerful AI Tools Directory with 500+ tools for every need, from productivity to creativity. | E13: 备用-未使用
... A105: 104 | B105: Yet Another AI Tool Directory | C105: https://yaatd.com/ | D105: Yet Another AI Tool Directory | E105: 备用-未使用

Sheet 进度看板
A1: 总体进度
A3: 追踪总数 | B3: =COUNTA(外链追踪表!A2:A101) -> 100
A4: 已提交 | B4: =COUNTIF(外链追踪表!I2:I101,"已提交") -> 0
A5: 审核中 | B5: =COUNTIF(外链追踪表!I2:I101,"审核中") -> 0
A6: 已通过 | B6: =COUNTIF(外链追踪表!I2:I101,"已通过") -> 0
A7: 被拒 | B7: =COUNTIF(外链追踪表!I2:I101,"被拒") -> 0
A8: 未开始/跳过 | B8: =COUNTIF(外链追踪表!I2:I101,"未开始")+COUNTIF(外链追踪表!I2:I101,"跳过") -> 100
A9: 通过率（已通过/追踪总数） | B9: =B6/B3 -> 0
A11: 按层级统计
A13: 层级 | B13: 数量 | C13: 已提交 | D13: 已通过 | E13: 被拒
A14: ①AI/SaaS工具目录 | B14: =COUNTIF(外链追踪表!B2:B101,A14) -> 45 | C14: =COUNTIFS(外链追踪表!B2:B101,A14,外链追踪表!I2:I101,"已提交") -> 0 | D14: =COUNTIFS(外链追踪表!B2:B101,A14,外链追踪表!I2:I101,"已通过") -> 0 | E14: =COUNTIFS(外链追踪表!B2:B101,A14,外链追踪表!I2:I101,"被拒") -> 0
A15: ②通用创业/结构化实体目录 | B15: =COUNTIF(外链追踪表!B2:B101,A15) -> 17 | C15: =COUNTIFS(外链追踪表!B2:B101,A15,外链追踪表!I2:I101,"已提交") -> 0 | D15: =COUNTIFS(外链追踪表!B2:B101,A15,外链追踪表!I2:I101,"已通过") -> 0 | E15: =COUNTIFS(外链追踪表!B2:B101,A15,外链追踪表!I2:I101,"被拒") -> 0
A16: ③垂类社区/内容与品牌资料页 | B16: =COUNTIF(外链追踪表!B2:B101,A16) -> 24 | C16: =COUNTIFS(外链追踪表!B2:B101,A16,外链追踪表!I2:I101,"已提交") -> 0 | D16: =COUNTIFS(外链追踪表!B2:B101,A16,外链追踪表!I2:I101,"已通过") -> 0 | E16: =COUNTIFS(外链追踪表!B2:B101,A16,外链追踪表!I2:I101,"被拒") -> 0
A17: ④免费PR/专家问答平台 | B17: =COUNTIF(外链追踪表!B2:B101,A17) -> 6 | C17: =COUNTIFS(外链追踪表!B2:B101,A17,外链追踪表!I2:I101,"已提交") -> 0 | D17: =COUNTIFS(外链追踪表!B2:B101,A17,外链追踪表!I2:I101,"已通过") -> 0 | E17: =COUNTIFS(外链追踪表!B2:B101,A17,外链追踪表!I2:I101,"被拒") -> 0
A18: ⑤多语言本地渠道（需人工核实） | B18: =COUNTIF(外链追踪表!B2:B101,A18) -> 8 | C18: =COUNTIFS(外链追踪表!B2:B101,A18,外链追踪表!I2:I101,"已提交") -> 0 | D18: =COUNTIFS(外链追踪表!B2:B101,A18,外链追踪表!I2:I101,"已通过") -> 0 | E18: =COUNTIFS(外链追踪表!B2:B101,A18,外链追踪表!I2:I101,"被拒") -> 0
